Country	Role Group	Name	Email
United Kingdom	Prime Minister	The Rt Hon Sir Keir Starmer KCB KC MP	Use PM Office contact form: https://contact.no10.gov.uk/ (no public inbox published)
United Kingdom	Prime Minister	Sir Keir Starmer	keir.starmer.mp@parliament.uk
United Kingdom	Foreign Ministry	The Rt Hon Yvette Cooper MP	coopery@parliament.uk (ministerial correspondence can also be sent via fcdo.correspondence@fcdo.gov.uk)
United Kingdom	Foreign Ministry	Foreign, Commonwealth & Development Office (FCDO)	fcdo.correspondence@fcdo.gov.uk
United Kingdom	Diplomatic protocol / diplomats	Protocol Directorate, FCDO	Protocol.Enquiries@fcdo.gov.uk
United Kingdom	Foreign Ministry	FCDO Newsdesk	newsdesk@fcdo.gov.uk
United Kingdom	Prime Minister advisors	Cabinet Office	publiccorrespondence@cabinetoffice.gov.uk
United Kingdom	Parliament	Jack Abbott	jack.abbott.mp@parliament.uk
United Kingdom	Parliament	Ms Diane Abbott	diane.abbott.office@parliament.uk
United Kingdom	Parliament	Debbie Abrahams	abrahamsd@parliament.uk
United Kingdom	Parliament	Shockat Adam	shockat.adam.mp@parliament.uk
United Kingdom	Parliament	Dr Zubir Ahmed	zubir.ahmed.mp@parliament.uk
United Kingdom	Parliament	Luke Akehurst	luke.akehurst.mp@parliament.uk
United Kingdom	Parliament	Mr Bayo Alaba	bayo.alaba.mp@parliament.uk
United Kingdom	Parliament	Dan Aldridge	daniel.aldridge.mp@parliament.uk
United Kingdom	Parliament	Heidi Alexander	heidi.alexander.mp@parliament.uk
United Kingdom	Parliament	Mr Douglas Alexander	douglas.alexander.mp@parliament.uk
United Kingdom	Parliament	Sadik Al-Hassan	sadik.alhassan.mp@parliament.uk
United Kingdom	Parliament	Rushanara Ali	rushanara.ali.mp@parliament.uk
United Kingdom	Parliament	Tahir Ali	tahir.ali.mp@parliament.uk
United Kingdom	Parliament	Dr Rosena Allin-Khan	rosena.allinkhan.mp@parliament.uk
United Kingdom	Parliament	Jim Allister	jim.allister.mp@parliament.uk
United Kingdom	Parliament	Gideon Amos	gideon.amos.mp@parliament.uk
United Kingdom	Parliament	Callum Anderson	callum.anderson.mp@parliament.uk
United Kingdom	Parliament	Fleur Anderson	fleur.anderson.mp@parliament.uk
United Kingdom	Parliament	Lee Anderson	lee.anderson.mp@parliament.uk
United Kingdom	Parliament	Stuart Anderson	stuart.anderson.mp@parliament.uk
United Kingdom	Parliament	Stuart Andrew	stuart.andrew.mp@parliament.uk
United Kingdom	Parliament	Tonia Antoniazzi	tonia.antoniazzi.mp@parliament.uk
United Kingdom	Parliament	Steff Aquarone	steff.aquarone.mp@parliament.uk
United Kingdom	Parliament	Edward Argar	edward.argar.mp@parliament.uk
United Kingdom	Parliament	Dr Scott Arthur	scott.arthur.mp@parliament.uk
United Kingdom	Parliament	Jess Asato	jess.asato.mp@parliament.uk
United Kingdom	Parliament	James Asser	james.asser.mp@parliament.uk
United Kingdom	Parliament	Jas Athwal	jas.athwal.mp@parliament.uk
United Kingdom	Parliament	Victoria Atkins	0
United Kingdom	Parliament	Catherine Atkinson	catherine.atkinson.mp@parliament.uk
United Kingdom	Parliament	Lewis Atkinson	lewis.atkinson.mp@parliament.uk
United Kingdom	Parliament	Josh Babarinde	josh.babarinde.mp@parliament.uk
United Kingdom	Parliament	Gareth Bacon	gareth.bacon.mp@parliament.uk
United Kingdom	Parliament	Mrs Kemi Badenoch	kemi.badenoch.mp@parliament.uk
United Kingdom	Parliament	Mr Calvin Bailey	calvin.bailey.mp@parliament.uk
United Kingdom	Parliament	Olivia Bailey	olivia.bailey.mp@parliament.uk
United Kingdom	Parliament	David Baines	david.baines.mp@parliament.uk
United Kingdom	Parliament	Alex Baker	alex.baker.mp@parliament.uk
United Kingdom	Parliament	Richard Baker	richard.baker.mp@parliament.uk
United Kingdom	Parliament	Dame Harriett Baldwin	harriett.baldwin.mp@parliament.uk
United Kingdom	Parliament	Alex Ballinger	alex.ballinger.mp@parliament.uk
United Kingdom	Parliament	Antonia Bance	antonia.bance.mp@parliament.uk
United Kingdom	Parliament	Steve Barclay	stephen.barclay.mp@parliament.uk
United Kingdom	Parliament	Paula Barker	paula.barker.mp@parliament.uk
United Kingdom	Parliament	Lee Barron	lee.barron.mp@parliament.uk
United Kingdom	Parliament	Mr Alex Barros-Curtis	alex.barroscurtis.mp@parliament.uk
United Kingdom	Parliament	Johanna Baxter	johanna.baxter.mp@parliament.uk
United Kingdom	Parliament	Danny Beales	danny.beales.mp@parliament.uk
United Kingdom	Parliament	Lorraine Beavers	lorraine.beavers.mp@parliament.uk
United Kingdom	Parliament	Mr Peter Bedford	peter.bedford.mp@parliament.uk
United Kingdom	Parliament	Órfhlaith Begley	0
United Kingdom	Parliament	Apsana Begum	apsana.begum.mp@parliament.uk
United Kingdom	Parliament	Torsten Bell	torsten.bell.mp@parliament.uk
United Kingdom	Parliament	Hilary Benn	bennh@parliament.uk
United Kingdom	Parliament	Alison Bennett	alison.bennett.mp@parliament.uk
United Kingdom	Parliament	Siân Berry	sian.berry.mp@parliament.uk
United Kingdom	Parliament	Mr Clive Betts	officeofclivebettsmp@parliament.uk
United Kingdom	Parliament	Saqib Bhatti	saqib.bhatti@parliament.uk
United Kingdom	Parliament	Ms Polly Billington	polly.billington.mp@parliament.uk
United Kingdom	Parliament	Matt Bishop	matt.bishop.mp@parliament.uk
United Kingdom	Parliament	Bob Blackman	bob.blackman.mp@parliament.uk
United Kingdom	Parliament	Kirsty Blackman	kirsty.blackman.mp@parliament.uk
United Kingdom	Parliament	Olivia Blake	olivia.blake.mp@parliament.uk
United Kingdom	Parliament	Rachel Blake	rachel.blake.mp@parliament.uk
United Kingdom	Parliament	Chris Bloore	chris.bloore.mp@parliament.uk
United Kingdom	Parliament	Mrs Elsie Blundell	elsie.blundell.mp@parliament.uk
United Kingdom	Parliament	Kevin Bonavia	kevin.bonavia.mp@parliament.uk
United Kingdom	Parliament	Sarah Bool	sarah.bool.mp@parliament.uk
United Kingdom	Parliament	Jade Botterill	jade.botterill.mp@parliament.uk
United Kingdom	Parliament	Andrew Bowie	andrew.bowie.mp@parliament.uk
United Kingdom	Parliament	Mrs Sureena Brackenridge	sureena.brackenridge.mp@parliament.uk
United Kingdom	Parliament	Dame Karen Bradley	karen.bradley.mp@parliament.uk
United Kingdom	Parliament	Aphra Brandreth	aphra.brandreth.mp@parliament.uk
United Kingdom	Parliament	Mr Jonathan Brash	jonathan.brash.mp@parliament.uk
United Kingdom	Parliament	Suella Braverman	suella.braverman.mp@parliament.uk
United Kingdom	Parliament	Alex Brewer	alex.brewer.mp@parliament.uk
United Kingdom	Parliament	Phil Brickell	phil.brickell.mp@parliament.uk
United Kingdom	Parliament	Jess Brown-Fuller	jess.brownfuller.mp@parliament.uk
United Kingdom	Parliament	Chris Bryant	chris.bryant.mp@parliament.uk
United Kingdom	Parliament	Julia Buckley	julia.buckley.mp@parliament.uk
United Kingdom	Parliament	Alex Burghart	alex.burghart.mp@parliament.uk
United Kingdom	Parliament	Richard Burgon	0
United Kingdom	Parliament	Maureen Burke	maureen.burke.mp@parliament.uk
United Kingdom	Parliament	David Burton-Sampson	david.burtonsampson.mp@parliament.uk
United Kingdom	Parliament	Dawn Butler	dawn.butler.mp@parliament.uk
United Kingdom	Parliament	Ian Byrne	ian.byrne.mp@parliament.uk
United Kingdom	Parliament	Liam Byrne	liam.byrne.mp@parliament.uk
United Kingdom	Parliament	Ruth Cadbury	ruthcadburymp@parliament.uk
United Kingdom	Parliament	Nesil Caliskan	nesil.caliskan.mp@parliament.uk
United Kingdom	Parliament	Irene Campbell	irene.campbell.mp@parliament.uk
United Kingdom	Parliament	Juliet Campbell	juliet.campbell.mp@parliament.uk
United Kingdom	Parliament	Mr Gregory Campbell	aaron.callan@parliament.uk
United Kingdom	Parliament	Sir Alan Campbell	alan.campbell.mp@parliament.uk
United Kingdom	Parliament	Markus Campbell-Savours	markus.campbellsavours.mp@parliament.uk
United Kingdom	Parliament	Charlotte Cane	charlotte.cane.mp@parliament.uk
United Kingdom	Parliament	Dan Carden	dan.carden.mp@parliament.uk
United Kingdom	Parliament	Sam Carling	sam.carling.mp@parliament.uk
United Kingdom	Parliament	Mr Alistair Carmichael	carmichaela@parliament.uk
United Kingdom	Parliament	Al Carns	al.carns.mp@parliament.uk
United Kingdom	Parliament	James Cartlidge	james.cartlidge.mp@parliament.uk
United Kingdom	Parliament	David Chadwick	david.chadwick.mp@parliament.uk
United Kingdom	Parliament	Wendy Chamberlain	wendy.chamberlain.mp@parliament.uk
United Kingdom	Parliament	Dr Danny Chambers	danny.chambers.mp@parliament.uk
United Kingdom	Parliament	Sarah Champion	sarah.champion.mp@parliament.uk
United Kingdom	Parliament	Bambos Charalambous	bambos.charalambous.mp@parliament.uk
United Kingdom	Parliament	Mr Luke Charters	luke.charters.mp@parliament.uk
United Kingdom	Parliament	Sir Christopher Chope	chopec@parliament.uk
United Kingdom	Parliament	Dr Ellie Chowns	ellie.chowns.mp@parliament.uk
United Kingdom	Parliament	Feryal Clark	feryal.clark.mp@parliament.uk
United Kingdom	Parliament	Sir James Cleverly	james.cleverly.mp@parliament.uk
United Kingdom	Parliament	Sir Geoffrey Clifton-Brown	cliftonbrowng@parliament.uk
United Kingdom	Parliament	Lewis Cocking	lewis.cocking.mp@parliament.uk
United Kingdom	Parliament	Chris Coghlan	chris.coghlan.mp@parliament.uk
United Kingdom	Parliament	Ben Coleman	ben.coleman.mp@parliament.uk
United Kingdom	Parliament	Jacob Collier	jacob.collier.mp@parliament.uk
United Kingdom	Parliament	Lizzi Collinge	lizzi.collinge.mp@parliament.uk
United Kingdom	Parliament	Tom Collins	tom.collins.mp@parliament.uk
United Kingdom	Parliament	Victoria Collins	victoria.collins.mp@parliament.uk
United Kingdom	Parliament	Liam Conlon	liam.conlon.mp@parliament.uk
United Kingdom	Parliament	Sarah Coombes	sarah.coombes.mp@parliament.uk
United Kingdom	Parliament	Andrew Cooper	andrew.cooper.mp@parliament.uk
United Kingdom	Parliament	Daisy Cooper	daisy.cooper.mp@parliament.uk
United Kingdom	Parliament	Dr Beccy Cooper	beccy.cooper.mp@parliament.uk
United Kingdom	Parliament	John Cooper	john.cooper.mp@parliament.uk
United Kingdom	Parliament	Yvette Cooper	coopery@parliament.uk
United Kingdom	Parliament	Jeremy Corbyn	jeremy.corbyn.mp@parliament.uk
United Kingdom	Parliament	Alberto Costa	alberto.costa.mp@parliament.uk
United Kingdom	Parliament	Deirdre Costigan	deirdre.costigan.mp@parliament.uk
United Kingdom	Parliament	Claire Coutinho	claire.coutinho.mp@parliament.uk
United Kingdom	Parliament	Pam Cox	pam.cox.mp@parliament.uk
United Kingdom	Parliament	Sir Geoffrey Cox	coxg@parliament.uk
United Kingdom	Parliament	Neil Coyle	neil.coyle.mp@parliament.uk
United Kingdom	Parliament	Jen Craft	jen.craft.mp@parliament.uk
United Kingdom	Parliament	Mary Creagh	mary.creagh.mp@parliament.uk
United Kingdom	Parliament	Ms Stella Creasy	stella.creasy.mp@parliament.uk
United Kingdom	Parliament	Torcuil Crichton	torcuil.crichton.mp@parliament.uk
United Kingdom	Parliament	Harriet Cross	harriet.cross.mp@parliament.uk
United Kingdom	Parliament	Pat Cullen	pat.cullen.mp@parliament.uk
United Kingdom	Parliament	Judith Cummins	judith.cummins.mp@parliament.uk
United Kingdom	Parliament	Chris Curtis	chris.curtis.mp@parliament.uk
United Kingdom	Parliament	Janet Daby	janet.daby.mp@parliament.uk
United Kingdom	Parliament	Sir Nicholas Dakin	nic.dakin.mp@parliament.uk
United Kingdom	Parliament	Ashley Dalton	ashley.dalton.mp@parliament.uk
United Kingdom	Parliament	Adam Dance	adam.dance.mp@parliament.uk
United Kingdom	Parliament	Steve Darling	steve.darling.mp@parliament.uk
United Kingdom	Parliament	Emily Darlington	emily.darlington.mp@parliament.uk
United Kingdom	Parliament	Ed Davey	edward.davey.mp@parliament.uk
United Kingdom	Parliament	Ann Davies	ann.davies.mp@parliament.uk
United Kingdom	Parliament	Gareth Davies	gareth.davies.mp@parliament.uk
United Kingdom	Parliament	Jonathan Davies	jonathan.davies.mp@parliament.uk
United Kingdom	Parliament	Mims Davies	mims.davies.mp@parliament.uk
United Kingdom	Parliament	Paul Davies	paul.davies.mp@parliament.uk
United Kingdom	Parliament	Shaun Davies	shaun.davies.mp@parliament.uk
United Kingdom	Parliament	Alex Davies-Jones	alex.daviesjones.mp@parliament.uk
United Kingdom	Parliament	David Davis	david.davis.mp@parliament.uk
United Kingdom	Parliament	Marsha De Cordova	marsha.decordova.mp@parliament.uk
United Kingdom	Parliament	Bobby Dean	bobby.dean.mp@parliament.uk
United Kingdom	Parliament	Josh Dean	josh.dean.mp@parliament.uk
United Kingdom	Parliament	Kate Dearden	kate.dearden.mp@parliament.uk
United Kingdom	Parliament	Carla Denyer	carla.denyer.mp@parliament.uk
United Kingdom	Parliament	Charlie Dewhirst	charlie.dewhirst.mp@parliament.uk
United Kingdom	Parliament	Mr Tanmanjeet Singh Dhesi	tan.dhesi.mp@parliament.uk
United Kingdom	Parliament	Jim Dickson	jim.dickson.mp@parliament.uk
United Kingdom	Parliament	Mr Lee Dillon	lee.dillon.mp@parliament.uk
United Kingdom	Parliament	Dame Caroline Dinenage	caroline.dinenage.mp@parliament.uk
United Kingdom	Parliament	Anna Dixon	anna.dixon.mp@parliament.uk
United Kingdom	Parliament	Samantha Dixon	Samantha.dixon.mp@parliament.uk
United Kingdom	Parliament	Anneliese Dodds	anneliese.dodds.mp@parliament.uk
United Kingdom	Parliament	Helena Dollimore	helena.dollimore.mp@parliament.uk
United Kingdom	Parliament	Dave Doogan	dave.doogan.mp@parliament.uk
United Kingdom	Parliament	Stephen Doughty	stephen.doughty.mp@parliament.uk
United Kingdom	Parliament	Peter Dowd	peter.dowd.mp@parliament.uk
United Kingdom	Parliament	Sir Oliver Dowden	oliver.dowden.mp@parliament.uk
United Kingdom	Parliament	Graeme Downie	graeme.downie.mp@parliament.uk
United Kingdom	Parliament	Rosie Duffield	rosie.duffield.mp@parliament.uk
United Kingdom	Parliament	Sir Iain Duncan Smith	Iain.duncansmith.mp@parliament.uk
United Kingdom	Parliament	Neil Duncan-Jordan	neil.duncanjordan.mp@parliament.uk
United Kingdom	Parliament	Sarah Dyke	sarah.dyke.mp@parliament.uk 
United Kingdom	Parliament	Dame Angela Eagle	eaglea@parliament.uk
United Kingdom	Parliament	Maria Eagle	maria.eagle.mp@parliament.uk
United Kingdom	Parliament	Alex Easton	alex.easton.mp@parliament.uk
United Kingdom	Parliament	Colum Eastwood	colum.eastwood.mp@parliament.uk
United Kingdom	Parliament	Sorcha Eastwood	sorcha.eastwood.mp@parliament.uk
United Kingdom	Parliament	Cat Eccles	cat.eccles.mp@parliament.uk
United Kingdom	Parliament	Lauren Edwards	lauren.edwards.mp@parliament.uk
United Kingdom	Parliament	Sarah Edwards	sarah.edwards.mp@parliament.uk
United Kingdom	Parliament	Clive Efford	clive.efford.mp@parliament.uk
United Kingdom	Parliament	Damien Egan	damien.egan.mp@parliament.uk
United Kingdom	Parliament	Maya Ellis	maya.ellis.mp@parliament.uk
United Kingdom	Parliament	Chris Elmore	Chris.Elmore.mp@parliament.uk
United Kingdom	Parliament	Kirith Entwistle	kirith.entwistle.mp@parliament.uk
United Kingdom	Parliament	Florence Eshalomi	florence.eshalomi.mp@parliament.uk
United Kingdom	Parliament	Bill Esterson	bill.esterson.mp@parliament.uk
United Kingdom	Parliament	Chris Evans	chris.evans.mp@parliament.uk
United Kingdom	Parliament	Dr Luke Evans	luke.evans.mp@parliament.uk
United Kingdom	Parliament	Miatta Fahnbulleh	miatta.fahnbulleh.mp@parliament.uk
United Kingdom	Parliament	Mr Hamish Falconer	hamish.falconer.mp@parliament.uk
United Kingdom	Parliament	Nigel Farage	nigel.farage.mp@parliament.uk
United Kingdom	Parliament	Linsey Farnsworth	linsey.farnsworth.mp@parliament.uk
United Kingdom	Parliament	Tim Farron	tim.farron.mp@parliament.uk
United Kingdom	Parliament	Josh Fenton-Glynn	josh.fentonglynn.mp@parliament.uk
United Kingdom	Parliament	Mark Ferguson	mark.ferguson.mp@parliament.uk
United Kingdom	Parliament	Patricia Ferguson	patricia.ferguson.mp@parliament.uk
United Kingdom	Parliament	John Finucane	john.finucane.mp@parliament.uk
United Kingdom	Parliament	Natalie Fleet	natalie.fleet.mp@parliament.uk
United Kingdom	Parliament	Stephen Flynn	stephen.flynn.mp@parliament.uk
United Kingdom	Parliament	Emma Foody	emma.foody.mp@parliament.uk
United Kingdom	Parliament	Catherine Fookes	catherine.fookes.mp@parliament.uk
United Kingdom	Parliament	Richard Foord	richard.foord.mp@parliament.uk
United Kingdom	Parliament	Mr Will Forster	will.forster.mp@parliament.uk
United Kingdom	Parliament	Peter Fortune	peter.fortune.mp@parliament.uk
United Kingdom	Parliament	Mr Paul Foster	paul.foster.mp@parliament.uk
United Kingdom	Parliament	Sir Ashley Fox	ashley.fox.mp@parliament.uk
United Kingdom	Parliament	Vicky Foxcroft	vicky.foxcroft.mp@parliament.uk
United Kingdom	Parliament	Mary Kelly Foy	mary.foy.mp@parliament.uk
United Kingdom	Parliament	Daniel Francis	daniel.francis.mp@parliament.uk
United Kingdom	Parliament	Mr Mark Francois	mark.francois.mp@parliament.uk
United Kingdom	Parliament	Zöe Franklin	zoe.franklin.mp@parliament.uk
United Kingdom	Parliament	George Freeman	george.freeman.mp@parliament.uk
United Kingdom	Parliament	Mr Louie French	louie.french.mp@parliament.uk
United Kingdom	Parliament	Mr James Frith	james.frith.mp@parliament.uk
United Kingdom	Parliament	Richard Fuller	richard.fuller.mp@parliament.uk
United Kingdom	Parliament	Gill Furniss	gill.furniss.mp@parliament.uk
United Kingdom	Parliament	Sir Roger Gale	galerj@parliament.uk
United Kingdom	Parliament	Barry Gardiner	barry.gardiner.mp@parliament.uk
United Kingdom	Parliament	Dr Allison Gardner	allison.gardner.mp@parliament.uk
United Kingdom	Parliament	Mark Garnier	mark.garnier.mp@parliament.uk
United Kingdom	Parliament	Anna Gelderd	anna.gelderd.mp@parliament.uk
United Kingdom	Parliament	Alan Gemmell	alan.gemmell.mp@parliament.uk
United Kingdom	Parliament	Andrew George	andrew.george.mp@parliament.uk
United Kingdom	Parliament	Gill German	gill.german.mp@parliament.uk
United Kingdom	Parliament	Stephen Gethins	stephen.gethins.mp@parliament.uk
United Kingdom	Parliament	Ms Nusrat Ghani	nusrat.ghani.mp@parliament.uk
United Kingdom	Parliament	Sarah Gibson	sarah.gibson.mp@parliament.uk
United Kingdom	Parliament	Tracy Gilbert	tracy.gilbert.mp@parliament.uk
United Kingdom	Parliament	Preet Kaur Gill	preet.gill.mp@parliament.uk
United Kingdom	Parliament	Rachel Gilmour	rachel.gilmour.mp@parliament.uk
United Kingdom	Parliament	Becky Gittins	becky.gittins.mp@parliament.uk
United Kingdom	Parliament	John Glen	john.glen.mp@parliament.uk
United Kingdom	Parliament	Mary Glindon	mary.glindon.mp@parliament.uk
United Kingdom	Parliament	Olly Glover	olly.glover.mp@parliament.uk
United Kingdom	Parliament	Marie Goldman	marie.goldman.mp@parliament.uk
United Kingdom	Parliament	Ben Goldsborough	ben.goldsborough.mp@parliament.uk
United Kingdom	Parliament	Tom Gordon	tom.gordon.mp@parliament.uk
United Kingdom	Parliament	Jodie Gosling	jodie.gosling.mp@parliament.uk
United Kingdom	Parliament	Georgia Gould	georgia.gould.mp@parliament.uk
United Kingdom	Parliament	John Grady	john.grady.mp@parliament.uk
United Kingdom	Parliament	Helen Grant	helen.grant.mp@parliament.uk
United Kingdom	Parliament	Sarah Green	sarah.green.mp@parliament.uk
United Kingdom	Parliament	Lilian Greenwood	lilian.greenwood.mp@parliament.uk
United Kingdom	Parliament	Andrew Griffith	andrew.griffith.mp@parliament.uk
United Kingdom	Parliament	Dame Nia Griffith	nia.griffith.mp@parliament.uk
United Kingdom	Parliament	Alison Griffiths	alison.griffiths.mp@parliament.uk
United Kingdom	Parliament	Andrew Gwynne	gwynnea@parliament.uk
United Kingdom	Parliament	Amanda Hack	amanda.hack.mp@parliament.uk
United Kingdom	Parliament	Louise Haigh	louise.haigh.mp@parliament.uk
United Kingdom	Parliament	Sarah Hall	sarah.hall.mp@parliament.uk
United Kingdom	Parliament	Fabian Hamilton	fabian.hamilton.mp@parliament.uk
United Kingdom	Parliament	Paulette Hamilton	paulette.hamilton.mp@parliament.uk
United Kingdom	Parliament	Claire Hanna	claire.hanna.mp@parliament.uk
United Kingdom	Parliament	Monica Harding	monica.harding.mp@parliament.uk
United Kingdom	Parliament	Emma Hardy	emma.hardy.mp@parliament.uk
United Kingdom	Parliament	Carolyn Harris	carolyn.harris.mp@parliament.uk
United Kingdom	Parliament	Rebecca Harris	rebecca.harris.mp@parliament.uk
United Kingdom	Parliament	Lloyd Hatton	lloyd.hatton.mp@parliament.uk
United Kingdom	Parliament	Helen Hayes	helen.hayes.mp@parliament.uk
United Kingdom	Parliament	Sir John Hayes	hayesj@parliament.uk
United Kingdom	Parliament	Tom Hayes	tom.hayes.mp@parliament.uk
United Kingdom	Parliament	Claire Hazelgrove	claire.hazelgrove.mp@parliament.uk
United Kingdom	Parliament	Chris Hazzard	chris.hazzard.mp@parliament.uk
United Kingdom	Parliament	John Healey	john.healey.mp@parliament.uk
United Kingdom	Parliament	Sir Mark Hendrick	mark.hendrick.mp@parliament.uk
United Kingdom	Parliament	Pippa Heylings	pippa.heylings.mp@parliament.uk
United Kingdom	Parliament	Dame Meg Hillier	meghilliermp@parliament.uk
United Kingdom	Parliament	Chris Hinchliff	chris.hinchliff.mp@parliament.uk
United Kingdom	Parliament	Jonathan Hinder	jonathan.hinder.mp@parliament.uk
United Kingdom	Parliament	Damian Hinds	damian.hinds.mp@parliament.uk
United Kingdom	Parliament	Simon Hoare	simon.hoare.mp@parliament.uk
United Kingdom	Parliament	Wera Hobhouse	wera.hobhouse.mp@parliament.uk
United Kingdom	Parliament	Mrs Sharon Hodgson	sharon.hodgson.mp@parliament.uk
United Kingdom	Parliament	Mr Richard Holden	richard.holden.mp@parliament.uk
United Kingdom	Parliament	Kevin Hollinrake	kevin.hollinrake.mp@parliament.uk
United Kingdom	Parliament	Paul Holmes	paul.holmes.mp@parliament.uk
United Kingdom	Parliament	Rachel Hopkins	rachel.hopkins.mp@parliament.uk
United Kingdom	Parliament	Sir Lindsay Hoyle	lindsay.hoyle.mp@parliament.uk
United Kingdom	Parliament	Nigel Huddleston	nigel.huddleston.mp@parliament.uk
United Kingdom	Parliament	Dr Neil Hudson	neil.hudson.mp@parliament.uk
United Kingdom	Parliament	Claire Hughes	claire.hughes.mp@parliament.uk
United Kingdom	Parliament	Dáire Hughes	daire.hughes.mp@parliament.uk
United Kingdom	Parliament	Alison Hume	alison.hume.mp@parliament.uk
United Kingdom	Parliament	Sir Jeremy Hunt	huntj@parliament.uk
United Kingdom	Parliament	Dr Rupa Huq	rupa.huq.mp@parliament.uk
United Kingdom	Parliament	Patrick Hurley	patrick.hurley.mp@parliament.uk
United Kingdom	Parliament	Imran Hussain	imran.hussain.mp@parliament.uk
United Kingdom	Parliament	Mr Adnan Hussain	adnan.hussain.mp@parliament.uk
United Kingdom	Parliament	Leigh Ingham	leigh.ingham.mp@parliament.uk
United Kingdom	Parliament	Natasha Irons	natasha.irons.mp@parliament.uk
United Kingdom	Parliament	Sally Jameson	sally.jameson.mp@parliament.uk
United Kingdom	Parliament	Christine Jardine	christine.jardine.mp@parliament.uk
United Kingdom	Parliament	Dan Jarvis	dan.jarvis.mp@parliament.uk
United Kingdom	Parliament	Liz Jarvis	liz.jarvis.mp@parliament.uk
United Kingdom	Parliament	Sir Bernard Jenkin	bernard.jenkin.mp@parliament.uk
United Kingdom	Parliament	Robert Jenrick	robert.jenrick.mp@parliament.uk
United Kingdom	Parliament	Terry Jermy	terry.jermy.mp@parliament.uk
United Kingdom	Parliament	Adam Jogee	adam.jogee.mp@parliament.uk
United Kingdom	Parliament	Dame Diana Johnson	johnsond@parliament.uk
United Kingdom	Parliament	Dr Caroline Johnson	caroline.johnson.mp@parliament.uk
United Kingdom	Parliament	Kim Johnson	kim.johnson.mp@parliament.uk
United Kingdom	Parliament	Clive Jones	clive.jones.mp@parliament.uk
United Kingdom	Parliament	Darren Jones	darren.jones.mp@parliament.uk
United Kingdom	Parliament	Gerald Jones	gerald.jones.mp@parliament.uk
United Kingdom	Parliament	Lillian Jones	lillian.jones.mp@parliament.uk
United Kingdom	Parliament	Ruth Jones	ruth.jones.mp@parliament.uk
United Kingdom	Parliament	Sarah Jones	sarah.jones.mp@parliament.uk
United Kingdom	Parliament	Lincoln Jopp	lincoln.jopp.mp@parliament.uk
United Kingdom	Parliament	Gurinder Singh Josan	gurinder.josan.mp@parliament.uk
United Kingdom	Parliament	Sojan Joseph	sojan.joseph.mp@parliament.uk
United Kingdom	Parliament	Warinder Juss	warinder.juss.mp@parliament.uk
United Kingdom	Parliament	Chris Kane	chris.kane.mp@parliament.uk
United Kingdom	Parliament	Mike Kane	mike.kane.mp@parliament.uk
United Kingdom	Parliament	Satvir Kaur	satvir.kaur.mp@parliament.uk
United Kingdom	Parliament	Alicia Kearns	alicia.kearns.mp@parliament.uk
United Kingdom	Parliament	Liz Kendall	liz.kendall.mp@parliament.uk
United Kingdom	Parliament	Afzal Khan	afzal.khan.mp@parliament.uk
United Kingdom	Parliament	Ayoub Khan	ayoub.khan.mp@parliament.uk
United Kingdom	Parliament	Naushabah Khan	naushabah.khan.mp@parliament.uk
United Kingdom	Parliament	Stephen Kinnock	stephen.kinnock.mp@parliament.uk
United Kingdom	Parliament	Jayne Kirkham	jayne.kirkham.mp@parliament.uk
United Kingdom	Parliament	Gen Kitchen	gen.kitchen.mp@parliament.uk
United Kingdom	Parliament	Mr Paul Kohler	paul.kohler.mp@parliament.uk
United Kingdom	Parliament	Danny Kruger	0
United Kingdom	Parliament	Sonia Kumar	sonia.kumar.mp@parliament.uk
United Kingdom	Parliament	Uma Kumaran	uma.kumaran.mp@parliament.uk
United Kingdom	Parliament	Peter Kyle	peter.kyle.mp@parliament.uk
United Kingdom	Parliament	Laura Kyrke-Smith	laura.kyrkesmith.mp@parliament.uk
United Kingdom	Parliament	Ben Lake	ben.lake.mp@parliament.uk
United Kingdom	Parliament	Katie Lam	katie.lam.mp@parliament.uk
United Kingdom	Parliament	Peter Lamb	peter.lamb.mp@parliament.uk
United Kingdom	Parliament	Mr David Lammy	david.lammy.mp@parliament.uk 
United Kingdom	Parliament	John Lamont	john.lamont.mp@parliament.uk
United Kingdom	Parliament	Ian Lavery	ian.lavery.mp@parliament.uk
United Kingdom	Parliament	Chris Law	chris.law.mp@parliament.uk
United Kingdom	Parliament	Noah Law	noah.law.mp@parliament.uk
United Kingdom	Parliament	Kim Leadbeater	kim.leadbeater.mp@parliament.uk
United Kingdom	Parliament	Graham Leadbitter	graham.leadbitter.mp@parliament.uk
United Kingdom	Parliament	Sir Edward Leigh	edward.leigh.mp@parliament.uk
United Kingdom	Parliament	Brian Leishman	brian.leishman.mp@parliament.uk
United Kingdom	Parliament	Emma Lewell	emma.lewell.mp@parliament.uk
United Kingdom	Parliament	Andrew Lewin	andrew.lewin.mp@parliament.uk
United Kingdom	Parliament	Clive Lewis	clive.lewis.mp@parliament.uk
United Kingdom	Parliament	Sir Julian Lewis	0
United Kingdom	Parliament	Simon Lightwood	simon.lightwood.mp@parliament.uk
United Kingdom	Parliament	Carla Lockhart	carla.lockhart.mp@parliament.uk
United Kingdom	Parliament	Seamus Logan	seamus.logan.mp@parliament.uk
United Kingdom	Parliament	Rebecca Long Bailey	rebecca.longbailey.mp@parliament.uk
United Kingdom	Parliament	Julia Lopez	julia.lopez.mp@parliament.uk
United Kingdom	Parliament	Rupert Lowe	ruper.lowe.mp@parliament.uk
United Kingdom	Parliament	Josh MacAlister	josh.macalister.mp@parliament.uk
United Kingdom	Parliament	James MacCleary	james.maccleary.mp@parliament.uk
United Kingdom	Parliament	Alice Macdonald	alice.macdonald.mp@parliament.uk
United Kingdom	Parliament	Mr Angus MacDonald	angus.macdonald.mp@parliament.uk
United Kingdom	Parliament	Andy MacNae	andy.macnae.mp@parliament.uk
United Kingdom	Parliament	Justin Madders	justin.madders.mp@parliament.uk
United Kingdom	Parliament	Ben Maguire	ben.maguire.mp@parliament.uk
United Kingdom	Parliament	Helen Maguire	helen.maguire.mp@parliament.uk
United Kingdom	Parliament	Shabana Mahmood	shabana.mahmood.mp@parliament.uk
United Kingdom	Parliament	Alan Mak	alan.mak.mp@parliament.uk
United Kingdom	Parliament	Seema Malhotra	seema.malhotra.mp@parliament.uk
United Kingdom	Parliament	Mr Cathal Mallaghan	cathal.mallaghan.mp@parliament.uk
United Kingdom	Parliament	Kit Malthouse	kit.malthouse.mp@parliament.uk
United Kingdom	Parliament	Amanda Martin	amanda.martin.mp@parliament.uk
United Kingdom	Parliament	Mike Martin	mike.martin.mp@parliament.uk
United Kingdom	Parliament	Rachael Maskell	rachael.maskell.mp@parliament.uk
United Kingdom	Parliament	Paul Maskey	paul.maskey.mp@parliament.uk
United Kingdom	Parliament	Keir Mather	keir.mather.mp@parliament.uk
United Kingdom	Parliament	Brian Mathew	brian.mathew.mp@parliament.uk
United Kingdom	Parliament	Alex Mayer	alex.mayer.mp@parliament.uk
United Kingdom	Parliament	Jerome Mayhew	jerome.mayhew.mp@parliament.uk
United Kingdom	Parliament	Charlie Maynard	charlie.maynard.mp@parliament.uk
United Kingdom	Parliament	Douglas McAllister	douglas.mcallister.mp@parliament.uk
United Kingdom	Parliament	Kerry McCarthy	kerry.mccarthy.mp@parliament.uk
United Kingdom	Parliament	Martin McCluskey	martin.mccluskey.mp@parliament.uk
United Kingdom	Parliament	Dame Siobhain McDonagh	mcdonaghs@parliament.uk
United Kingdom	Parliament	Andy McDonald	andy.mcdonald.2nd@parliament.uk
United Kingdom	Parliament	Chris McDonald	chris.mcdonald.mp@parliament.uk
United Kingdom	Parliament	John McDonnell	mcdonnellj@parliament.uk
United Kingdom	Parliament	Blair McDougall	blair.mcdougall.mp@parliament.uk
United Kingdom	Parliament	Lola McEvoy	lola.mcevoy.mp@parliament.uk
United Kingdom	Parliament	Pat McFadden	mcfaddenp@parliament.uk
United Kingdom	Parliament	Alison McGovern	alison.mcgovern.mp@parliament.uk
United Kingdom	Parliament	Alex McIntyre	alex.mcintyre.mp@parliament.uk
United Kingdom	Parliament	Gordon McKee	gordon.mckee.mp@parliament.uk
United Kingdom	Parliament	Kevin McKenna	kevin.mckenna.mp@parliament.uk
United Kingdom	Parliament	Catherine McKinnell	catherine.mckinnell.mp@parliament.uk
United Kingdom	Parliament	Jim McMahon	jim.mcmahon.mp@parliament.uk 
United Kingdom	Parliament	Anna McMorrin	anna.mcmorrin.mp@parliament.uk
United Kingdom	Parliament	James McMurdock	james.mcmurdock.mp@parliament.uk
United Kingdom	Parliament	Frank McNally	frank.mcnally.mp@parliament.uk
United Kingdom	Parliament	Kirsty McNeill	kirsty.mcneill.mp@parliament.uk
United Kingdom	Parliament	Esther McVey	esther.mcvey.mp@parliament.uk
United Kingdom	Parliament	Llinos Medi	llinos.medi.mp@parliament.uk
United Kingdom	Parliament	Anneliese Midgley	anneliese.midgley.mp@parliament.uk
United Kingdom	Parliament	Ed Miliband	ed.miliband.mp@parliament.uk
United Kingdom	Parliament	Calum Miller	calum.miller.mp@parliament.uk
United Kingdom	Parliament	John Milne	john.milne.mp@parliament.uk
United Kingdom	Parliament	Ms Julie Minns	julie.minns.mp@parliament.uk
United Kingdom	Parliament	Navendu Mishra	navendu.mishra.mp@parliament.uk
United Kingdom	Parliament	Sir Andrew Mitchell	andrew.mitchell.mp@parliament.uk
United Kingdom	Parliament	Abtisam Mohamed	abtisam.mohamed.mp@parliament.uk
United Kingdom	Parliament	Iqbal Mohamed	iqbal.mohamed.mp@parliament.uk
United Kingdom	Parliament	Mr Gagan Mohindra	gagan.mohindra.mp@parliament.uk
United Kingdom	Parliament	Perran Moon	perran.moon.mp@parliament.uk
United Kingdom	Parliament	Robbie Moore	robbie.moore.mp@parliament.uk
United Kingdom	Parliament	Layla Moran	layla.moran.mp@parliament.uk
United Kingdom	Parliament	Jessica Morden	mordenj@parliament.uk
United Kingdom	Parliament	Edward Morello	edward.morello.mp@parliament.uk
United Kingdom	Parliament	Helen Morgan	helen.morgan.mp@parliament.uk
United Kingdom	Parliament	Stephen Morgan	stephen.morgan.mp@parliament.uk
United Kingdom	Parliament	Grahame Morris	grahame.morris.mp@parliament.uk
United Kingdom	Parliament	Joe Morris	joe.morris.mp@parliament.uk
United Kingdom	Parliament	Tom Morrison	tom.morrison.mp@parliament.uk
United Kingdom	Parliament	Joy Morrissey	joy.morrissey.mp@parliament.uk
United Kingdom	Parliament	Wendy Morton	wendy.morton.mp@parliament.uk
United Kingdom	Parliament	Dr Kieran Mullan	kieran.mullan.mp@parliament.uk
United Kingdom	Parliament	Margaret Mullane	margaret.mullane.mp@parliament.uk
United Kingdom	Parliament	David Mundell	david.mundell.mp@parliament.uk
United Kingdom	Parliament	Tessa Munt	tessa.munt.mp@parliament.uk
United Kingdom	Parliament	Luke Murphy	luke.murphy.mp@parliament.uk
United Kingdom	Parliament	Chris Murray	chris.murray.mp@parliament.uk
United Kingdom	Parliament	Ian Murray	ian.murray.mp@parliament.uk
United Kingdom	Parliament	James Murray	james.murray.mp@parliament.uk
United Kingdom	Parliament	Katrina Murray	katrina.murray.mp@parliament.uk
United Kingdom	Parliament	Susan Murray	susan.murray.mp@parliament.uk
United Kingdom	Parliament	Dr Andrew Murrison	murrisona@parliament.uk
United Kingdom	Parliament	Luke Myer	luke.myer.mp@parliament.uk
United Kingdom	Parliament	James Naish	james.naish.mp@parliament.uk
United Kingdom	Parliament	Connor Naismith	connor.naismith.mp@parliament.uk
United Kingdom	Parliament	Lisa Nandy	lisa.nandy.mp@parliament.uk
United Kingdom	Parliament	Kanishka Narayan	kanishka.narayan.mp@parliament.uk
United Kingdom	Parliament	Pamela Nash	pamela.nash.mp@parliament.uk
United Kingdom	Parliament	Josh Newbury	josh.newbury.mp@parliament.uk
United Kingdom	Parliament	Samantha Niblett	samantha.niblett.mp@parliament.uk
United Kingdom	Parliament	Charlotte Nichols	charlotte.nichols.mp@parliament.uk
United Kingdom	Parliament	Caroline Nokes	caroline.nokes.mp@parliament.uk
United Kingdom	Parliament	Jesse Norman	jesse.norman.mp@parliament.uk
United Kingdom	Parliament	Alex Norris	alex.norris.mp@parliament.uk
United Kingdom	Parliament	Dan Norris	dan.norris.mp@parliament.uk
United Kingdom	Parliament	Ben Obese-Jecty	ben.obesejecty.mp@parliament.uk
United Kingdom	Parliament	Neil O'Brien	neil.obrien.mp@parliament.uk
United Kingdom	Parliament	Brendan O'Hara	brendan.ohara.mp@parliament.uk
United Kingdom	Parliament	Sarah Olney	sarah.olney.mp@parliament.uk
United Kingdom	Parliament	Melanie Onn	melanie.onn.mp@parliament.uk
United Kingdom	Parliament	Dame Chi Onwurah	chi.onwurah.mp@parliament.uk
United Kingdom	Parliament	Dr Simon Opher	simon.opher.mp@parliament.uk
United Kingdom	Parliament	Ms Abena Oppong-Asare	abena.oppongasare.mp@parliament.uk
United Kingdom	Parliament	Kate Osamor	kate.osamor.mp@parliament.uk
United Kingdom	Parliament	Kate Osborne	kate.osborne.mp@parliament.uk
United Kingdom	Parliament	Tristan Osborne	tristan.osborne.mp@parliament.uk
United Kingdom	Parliament	Taiwo Owatemi	taiwo.owatemi.mp@parliament.uk
United Kingdom	Parliament	Sarah Owen	sarah.owen.mp@parliament.uk
United Kingdom	Parliament	Darren Paffey	darren.paffey.mp@parliament.uk
United Kingdom	Parliament	Andrew Pakes	andrew.pakes.mp@parliament.uk
United Kingdom	Parliament	Priti Patel	withammp@parliament.uk
United Kingdom	Parliament	Matthew Patrick	matthew.patrick.mp@parliament.uk
United Kingdom	Parliament	Rebecca Paul	rebecca.paul.mp@parliament.uk
United Kingdom	Parliament	Michael Payne	michael.payne.mp@parliament.uk
United Kingdom	Parliament	Stephanie Peacock	stephanie.peacock.mp@parliament.uk
United Kingdom	Parliament	Jon Pearce	jon.pearce.mp@parliament.uk
United Kingdom	Parliament	Matthew Pennycook	matthew.pennycook.mp@parliament.uk
United Kingdom	Parliament	Mr Toby Perkins	toby.perkins.mp@parliament.uk
United Kingdom	Parliament	Manuela Perteghella	manuela.perteghella.mp@parliament.uk
United Kingdom	Parliament	Jess Phillips	jess.phillips.mp@parliament.uk
United Kingdom	Parliament	Bridget Phillipson	bridget.phillipson.mp@parliament.uk
United Kingdom	Parliament	Chris Philp	chris.philp.mp@parliament.uk
United Kingdom	Parliament	Dr Al Pinkerton	al.pinkerton.mp@parliament.uk
United Kingdom	Parliament	David Pinto-Duschinsky	david.pintoduschinsky.mp@parliament.uk
United Kingdom	Parliament	Lee Pitcher	lee.pitcher.mp@parliament.uk
United Kingdom	Parliament	Jo Platt	jo.platt.mp@parliament.uk
United Kingdom	Parliament	Sarah Pochin	sarah.pochin.mp@parliament.uk
United Kingdom	Parliament	Luke Pollard	luke.pollard.mp@parliament.uk
United Kingdom	Parliament	Joe Powell	joe.powell.mp@parliament.uk
United Kingdom	Parliament	Lucy Powell	0
United Kingdom	Parliament	Gregor Poynton	gregor.poynton.mp@parliament.uk
United Kingdom	Parliament	Peter Prinsley	peter.prinsley.mp@parliament.uk
United Kingdom	Parliament	Mark Pritchard	mark.pritchard.mp@parliament.uk
United Kingdom	Parliament	Mr Richard Quigley	richard.quigley.mp@parliament.uk
United Kingdom	Parliament	Yasmin Qureshi	yasmin.qureshi.mp@parliament.uk
United Kingdom	Parliament	Steve Race	steve.race.mp@parliament.uk
United Kingdom	Parliament	Shivani Raja	shivani.raja.mp@parliament.uk
United Kingdom	Parliament	Adrian Ramsay	adrian.ramsay.mp@parliament.uk
United Kingdom	Parliament	Mr Connor Rand	connor.rand.mp@parliament.uk
United Kingdom	Parliament	Andrew Ranger	andrew.ranger.mp@parliament.uk
United Kingdom	Parliament	Jack Rankin	jack.rankin.mp@parliament.uk
United Kingdom	Parliament	Angela Rayner	angela.rayner.mp@parliament.uk
United Kingdom	Parliament	Mike Reader	mike.reader.mp@parliament.uk
United Kingdom	Parliament	David Reed	david.reed.mp@parliament.uk
United Kingdom	Parliament	Steve Reed	steve.reed.mp@parliament.uk
United Kingdom	Parliament	Ellie Reeves	ellie.reeves.mp@parliament.uk
United Kingdom	Parliament	Rachel Reeves	rachel.reeves.mp@parliament.uk
United Kingdom	Parliament	Joani Reid	joani.reid.mp@parliament.uk
United Kingdom	Parliament	Emma Reynolds	emma.reynolds.mp@parliament.uk
United Kingdom	Parliament	Jonathan Reynolds	jonathan.reynolds.mp@parliament.uk
United Kingdom	Parliament	Mr Joshua Reynolds	joshua.reynolds.mp@parliament.uk
United Kingdom	Parliament	Martin Rhodes	martin.rhodes.mp@parliament.uk
United Kingdom	Parliament	Bell Ribeiro-Addy	bell.ribeiroaddy.mp@parliament.uk
United Kingdom	Parliament	Jake Richards	jake.richards.mp@parliament.uk
United Kingdom	Parliament	Jenny Riddell-Carpenter	jenny.riddellcarpenter.mp@parliament.uk
United Kingdom	Parliament	Lucy Rigby	lucy.rigby.mp@parliament.uk
United Kingdom	Parliament	Ms Marie Rimmer	marie.rimmer.mp@parliament.uk
United Kingdom	Parliament	Dave Robertson	dave.robertson.mp@parliament.uk
United Kingdom	Parliament	Joe Robertson	joe.robertson.mp@parliament.uk
United Kingdom	Parliament	Gavin Robinson	gavin.robinson.mp@parliament.uk
United Kingdom	Parliament	Tim Roca	tim.roca.mp@parliament.uk
United Kingdom	Parliament	Matt Rodda	matt.rodda.mp@parliament.uk
United Kingdom	Parliament	Ian Roome	ian.roome.mp@parliament.uk
United Kingdom	Parliament	Andrew Rosindell	andrew.rosindell.mp@parliament.uk
United Kingdom	Parliament	Sam Rushworth	sam.rushworth.mp@parliament.uk
United Kingdom	Parliament	Sarah Russell	sarah.russell.mp@parliament.uk
United Kingdom	Parliament	Tom Rutland	tom.rutland.mp@parliament.uk
United Kingdom	Parliament	Oliver Ryan	oliver.ryan.mp@parliament.uk
United Kingdom	Parliament	Anna Sabine	anna.sabine.mp@parliament.uk
United Kingdom	Parliament	Sarah Sackman	sarah.sackman.mp@parliament.uk
United Kingdom	Parliament	Dr Jeevun Sandher	jeevun.sandher.mp@parliament.uk
United Kingdom	Parliament	Louise Sandher-Jones	louise.jones.mp@parliament.uk
United Kingdom	Parliament	Dr Roz Savage	roz.savage.mp@parliament.uk
United Kingdom	Parliament	Liz Saville Roberts	liz.savilleroberts.mp@parliament.uk
United Kingdom	Parliament	Michelle Scrogham	michelle.scrogham.mp@parliament.uk
United Kingdom	Parliament	Mark Sewards	mark.sewards.mp@parliament.uk
United Kingdom	Parliament	Naz Shah	naz.shah.mp@parliament.uk
United Kingdom	Parliament	Baggy Shanker	baggy.shanker.mp@parliament.uk
United Kingdom	Parliament	Michael Shanks	michael.shanks.mp@parliament.uk
United Kingdom	Parliament	Jim Shannon	jim.shannon.mp@parliament.uk
United Kingdom	Parliament	Dr Neil Shastri-Hurst	neil.shastrihurst.mp@parliament.uk
United Kingdom	Parliament	Sir Alec Shelbrooke	alec.shelbrooke.mp@parliament.uk
United Kingdom	Parliament	Tulip Siddiq	tulip.siddiq.mp@parliament.uk
United Kingdom	Parliament	David Simmonds	david.simmonds.mp@parliament.uk
United Kingdom	Parliament	Josh Simons	josh.simons.mp@parliament.uk
United Kingdom	Parliament	Vikki Slade	vikki.slade.mp@parliament.uk
United Kingdom	Parliament	Andy Slaughter	slaughtera@parliament.uk
United Kingdom	Parliament	John Slinger	john.slinger.mp@parliament.uk
United Kingdom	Parliament	Lisa Smart	lisa.smart.mp@parliament.uk
United Kingdom	Parliament	Cat Smith	cat.smith.mp@parliament.uk
United Kingdom	Parliament	David Smith	david.smith.mp@parliament.uk
United Kingdom	Parliament	Greg Smith	greg.smith.mp@parliament.uk
United Kingdom	Parliament	Jeff Smith	jeff.smith.mp@parliament.uk
United Kingdom	Parliament	Nick Smith	nick.smith.mp@parliament.uk
United Kingdom	Parliament	Rebecca Smith	rebecca.smith.mp@parliament.uk
United Kingdom	Parliament	Sarah Smith	sarah.smith.mp@parliament.uk
United Kingdom	Parliament	Sir Julian Smith	julian.smith.mp@parliament.uk
United Kingdom	Parliament	Karin Smyth	karin.smyth.mp@parliament.uk
United Kingdom	Parliament	Gareth Snell	gareth.snell.mp@parliament.uk
United Kingdom	Parliament	Mr Andrew Snowden	andrew.snowden.mp@parliament.uk
United Kingdom	Parliament	Alex Sobel	alex.sobel.mp@parliament.uk
United Kingdom	Parliament	Ian Sollom	ian.sollom.mp@parliament.uk
United Kingdom	Parliament	Dr Ben Spencer	ben.spencer.mp@parliament.uk
United Kingdom	Parliament	Patrick Spencer	patrick.spencer.mp@parliament.uk
United Kingdom	Parliament	Gregory Stafford	greg.stafford.mp@parliament.uk
United Kingdom	Parliament	Euan Stainbank	euan.stainbank.mp@parliament.uk
United Kingdom	Parliament	Sir Keir Starmer	keir.starmer.mp@parliament.uk
United Kingdom	Parliament	Blake Stephenson	blake.stephenson.mp@parliament.uk
United Kingdom	Parliament	Jo Stevens	jo.stevens.mp@parliament.uk
United Kingdom	Parliament	Kenneth Stevenson	kenneth.stevenson.mp@parliament.uk
United Kingdom	Parliament	Elaine Stewart	elaine.stewart.mp@parliament.uk
United Kingdom	Parliament	Jamie Stone	jamie.stone.mp@parliament.uk
United Kingdom	Parliament	Will Stone	will.stone.mp@parliament.uk
United Kingdom	Parliament	Alistair Strathern	alistair.strathern.mp@parliament.uk
United Kingdom	Parliament	Wes Streeting	wes.streeting.mp@parliament.uk
United Kingdom	Parliament	Alan Strickland	alan.strickland.mp@parliament.uk
United Kingdom	Parliament	Sir Mel Stride	mel.stride.mp@parliament.uk
United Kingdom	Parliament	Graham Stringer	graham.stringer.mp@parliament.uk
United Kingdom	Parliament	Graham Stuart	grahamstuartmp@parliament.uk
United Kingdom	Parliament	Dr Lauren Sullivan	lauren.sullivan.mp@parliament.uk
United Kingdom	Parliament	Kirsteen Sullivan	kirsteen.sullivan.mp@parliament.uk
United Kingdom	Parliament	Zarah Sultana	zarah.sultana.mp@parliament.uk
United Kingdom	Parliament	Rishi Sunak	rishi.sunak.mp@parliament.uk
United Kingdom	Parliament	Peter Swallow	peter.swallow.mp@parliament.uk
United Kingdom	Parliament	Robin Swann	robin.swann.mp@parliament.uk
United Kingdom	Parliament	Sir Desmond Swayne	swayned@parliament.uk
United Kingdom	Parliament	Sir Mark Tami	tamim@parliament.uk
United Kingdom	Parliament	Mike Tapp	mike.tapp.mp@parliament.uk
United Kingdom	Parliament	Alison Taylor	alison.taylor.mp@parliament.uk
United Kingdom	Parliament	David Taylor	david.taylor.mp@parliament.uk
United Kingdom	Parliament	Luke Taylor	luke.taylor.mp@parliament.uk
United Kingdom	Parliament	Rachel Taylor	rachel.taylor.mp@parliament.uk
United Kingdom	Parliament	Bradley Thomas	bradley.thomas.mp@parliament.uk
United Kingdom	Parliament	Cameron Thomas	cameron.thomas.mp@parliament.uk
United Kingdom	Parliament	Fred Thomas	fred.thomas.mp@parliament.uk
United Kingdom	Parliament	Gareth Thomas	gareth.thomas.mp@parliament.uk
United Kingdom	Parliament	Nick Thomas-Symonds	nick.thomassymonds.mp@parliament.uk
United Kingdom	Parliament	Adam Thompson	adam.thompson.mp@parliament.uk
United Kingdom	Parliament	Emily Thornberry	thornberrye@parliament.uk
United Kingdom	Parliament	Richard Tice	richard.tice.mp@parliament.uk
United Kingdom	Parliament	Dr Marie Tidball	marie.tidball.mp@parliament.uk
United Kingdom	Parliament	Sir Stephen Timms	timmss@parliament.uk
United Kingdom	Parliament	Nick Timothy	nick.timothy.mp@parliament.uk
United Kingdom	Parliament	Jessica Toale	jessica.toale.mp@parliament.uk
United Kingdom	Parliament	Dan Tomlinson	dan.tomlinson.mp@parliament.uk
United Kingdom	Parliament	Jon Trickett	trickettj@parliament.uk
United Kingdom	Parliament	Laura Trott	laura.trott.mp@parliament.uk
United Kingdom	Parliament	Henry Tufnell	henry.tufnell.mp@parliament.uk
United Kingdom	Parliament	Tom Tugendhat	tom.tugendhat.mp@parliament.uk
United Kingdom	Parliament	Anna Turley	anna.turley.mp@parliament.uk
United Kingdom	Parliament	Matt Turmaine	matt.turmaine.mp@parliament.uk
United Kingdom	Parliament	Karl Turner	karl.turner.mp@parliament.uk
United Kingdom	Parliament	Laurence Turner	laurence.turner.mp@parliament.uk
United Kingdom	Parliament	Derek Twigg	derek.twigg.mp@parliament.uk
United Kingdom	Parliament	Liz Twist	liz.twist.mp@parliament.uk
United Kingdom	Parliament	Harpreet Uppal	harpreet.uppal.mp@parliament.uk
United Kingdom	Parliament	Freddie van Mierlo	freddie.vanmierlo.mp@parliament.uk
United Kingdom	Parliament	Tony Vaughan	tony.vaughan.mp@parliament.uk
United Kingdom	Parliament	Valerie Vaz	valerie.vaz.mp@parliament.uk
United Kingdom	Parliament	Martin Vickers	martin.vickers.mp@parliament.uk
United Kingdom	Parliament	Matt Vickers	matt.vickers.mp@parliament.uk
United Kingdom	Parliament	Chris Vince	chris.vince.mp@parliament.uk
United Kingdom	Parliament	Caroline Voaden	caroline.voaden.mp@parliament.uk
United Kingdom	Parliament	Christian Wakeford	christian.wakeford.mp@parliament.uk
United Kingdom	Parliament	Imogen Walker	imogen.walker.mp@parliament.uk
United Kingdom	Parliament	Chris Ward	chris.ward.mp@parliament.uk
United Kingdom	Parliament	Melanie Ward	melanie.ward.mp@parliament.uk
United Kingdom	Parliament	Paul Waugh	paul.waugh.mp@parliament.uk
United Kingdom	Parliament	Chris Webb	chris.webb.mp@parliament.uk
United Kingdom	Parliament	Michelle Welsh	michelle.welsh.mp@parliament.uk
United Kingdom	Parliament	Catherine West	catherine.west.mp@parliament.uk
United Kingdom	Parliament	Andrew Western	andrew.western.mp@parliament.uk
United Kingdom	Parliament	Matt Western	matt.western.mp@parliament.uk
United Kingdom	Parliament	Helen Whately	helen.whately.mp@parliament.uk
United Kingdom	Parliament	Michael Wheeler	michael.wheeler.mp@parliament.uk
United Kingdom	Parliament	John Whitby	john.whitby.mp@parliament.uk
United Kingdom	Parliament	Jo White	jo.white.mp@parliament.uk
United Kingdom	Parliament	Katie White	katie.white.mp@parliament.uk
United Kingdom	Parliament	Sir John Whittingdale	john.whittingdale.mp@parliament.uk
United Kingdom	Parliament	Nadia Whittome	nadia.whittome.mp@parliament.uk
United Kingdom	Parliament	James Wild	james.wild.mp@parliament.uk
United Kingdom	Parliament	Max Wilkinson	max.wilkinson.mp@parliament.uk
United Kingdom	Parliament	David Williams	david.williams.mp@parliament.uk
United Kingdom	Parliament	Sir Gavin Williamson	gavin.williamson.mp@parliament.uk
United Kingdom	Parliament	Munira Wilson	munira.wilson.mp@parliament.uk
United Kingdom	Parliament	Sammy Wilson	barronj@parliament.uk
United Kingdom	Parliament	Pete Wishart	pete.wishart.mp@parliament.uk
United Kingdom	Parliament	Steve Witherden	steve.witherden.mp@parliament.uk
United Kingdom	Parliament	Mike Wood	mike.wood.mp@parliament.uk
United Kingdom	Parliament	Sean Woodcock	sean.woodcock.mp@parliament.uk
United Kingdom	Parliament	Sir Jeremy Wright	Jeremy.wright.mp@parliament.uk
United Kingdom	Parliament	Rosie Wrighting	rosie.wrighting.mp@parliament.uk
United Kingdom	Parliament	Martin Wrigley	martin.wrigley.mp@parliament.uk
United Kingdom	Parliament	Yuan Yang	yuan.yang.mp@parliament.uk
United Kingdom	Parliament	Mohammad Yasin	mohammad.yasin.mp@parliament.uk
United Kingdom	Parliament	Steve Yemm	steve.yemm.mp@parliament.uk
United Kingdom	Parliament	Claire Young	claire.young.mp@parliament.uk
United Kingdom	Parliament	Daniel Zeichner	0

